{"text": " A Igreja Psicopal Carism\u00e1tica existe para tornar vis\u00edvel reino de Deus. Ela \u00e9 uma igreja met\u00fagica sacramental, mas tamb\u00e9m renovada pelo Esp\u00edrito Santo. N\u00f3s queremos apresentar aos nossos irm\u00e3os das igrejas hist\u00f3ricas o poder do Pentecostas, mas tamb\u00e9m aos nossos irm\u00e3os pentecostais e carism\u00e1ticos as riquezas hist\u00f3ricas de uma igreja lit\u00fagica sacramental, como era na igreja primitiva. Uma igreja totalmente lit\u00fagica, totalmente sacramental, totalmente evang\u00e9lica e totalmente carism\u00e1tica. A Igreja Psicopal Carism\u00e1tica \u00e9 uma das igrejas que mais cresce hoje em dia. Os dados indicam que n\u00f3s temos hoje cerca de 2.500 par\u00f3quias em cerca de 20 pa\u00edses, tendo come\u00e7ado em 1992 com apenas um bisco e tr\u00eas par\u00f3quias. Temos experimentado, ent\u00e3o, esse grande crescimento no mover constante de Deus, seguimos o fluxo do Esp\u00edrito Santo para ser um l\u00e1 acolhedor a todos aqueles que de n\u00f3s se aproximam.", "segments": [{"id": 0, "seek": 0, "start": 0.0, "end": 11.16, "text": " A Igreja Psicopal Carism\u00e1tica existe para tornar vis\u00edvel reino de Deus.", "tokens": [50364, 316, 19271, 265, 2938, 33903, 14149, 304, 2741, 1434, 23432, 16304, 1690, 41283, 1452, 13185, 319, 2982, 368, 15057, 13, 50922], "temperature": 0.0, "avg_logprob": -0.22515772501627604, "compression_ratio": 1.3036649214659686, "no_speech_prob": 0.32542911171913147}, {"id": 1, "seek": 0, "start": 11.16, "end": 18.68, "text": " Ela \u00e9 uma igreja met\u00fagica sacramental, mas tamb\u00e9m renovada pelo Esp\u00edrito Santo.", "tokens": [50922, 17637, 1136, 2772, 8508, 265, 2938, 1131, 2481, 70, 2262, 4899, 2356, 14533, 11, 2300, 6274, 18845, 1538, 12167, 24978, 870, 17492, 49639, 13, 51298], "temperature": 0.0, "avg_logprob": -0.22515772501627604, "compression_ratio": 1.3036649214659686, "no_speech_prob": 0.32542911171913147}, {"id": 2, "seek": 0, "start": 18.68, "end": 26.88, "text": " N\u00f3s queremos apresentar aos nossos irm\u00e3os das igrejas hist\u00f3ricas o poder do Pentecostas,", "tokens": [51298, 27626, 26813, 36181, 289, 25458, 35378, 33842, 46550, 1482, 8508, 265, 19221, 33196, 1341, 296, 277, 8152, 360, 430, 1576, 27718, 296, 11, 51708], "temperature": 0.0, "avg_logprob": -0.22515772501627604, "compression_ratio": 1.3036649214659686, "no_speech_prob": 0.32542911171913147}, {"id": 3, "seek": 2688, "start": 26.88, "end": 32.56, "text": " mas tamb\u00e9m aos nossos irm\u00e3os pentecostais e carism\u00e1ticos as riquezas hist\u00f3ricas de", "tokens": [50364, 2300, 6274, 25458, 35378, 33842, 46550, 280, 1576, 27718, 1527, 308, 1032, 1434, 7656, 9940, 382, 367, 1925, 24561, 33196, 1341, 296, 368, 50648], "temperature": 0.0, "avg_logprob": -0.1574388129688869, "compression_ratio": 1.696969696969697, "no_speech_prob": 0.019851505756378174}, {"id": 4, "seek": 2688, "start": 32.56, "end": 37.12, "text": " uma igreja lit\u00fagica sacramental, como era na igreja primitiva.", "tokens": [50648, 2772, 8508, 265, 2938, 7997, 2481, 70, 2262, 4899, 2356, 14533, 11, 2617, 4249, 1667, 8508, 265, 2938, 2886, 270, 5931, 13, 50876], "temperature": 0.0, "avg_logprob": -0.1574388129688869, "compression_ratio": 1.696969696969697, "no_speech_prob": 0.019851505756378174}, {"id": 5, "seek": 2688, "start": 37.12, "end": 43.36, "text": " Uma igreja totalmente lit\u00fagica, totalmente sacramental, totalmente evang\u00e9lica e totalmente", "tokens": [50876, 21939, 8508, 265, 2938, 30865, 7997, 2481, 70, 2262, 11, 30865, 4899, 2356, 14533, 11, 30865, 1073, 656, 526, 44266, 308, 30865, 51188], "temperature": 0.0, "avg_logprob": -0.1574388129688869, "compression_ratio": 1.696969696969697, "no_speech_prob": 0.019851505756378174}, {"id": 6, "seek": 2688, "start": 43.36, "end": 44.36, "text": " carism\u00e1tica.", "tokens": [51188, 1032, 1434, 23432, 13, 51238], "temperature": 0.0, "avg_logprob": -0.1574388129688869, "compression_ratio": 1.696969696969697, "no_speech_prob": 0.019851505756378174}, {"id": 7, "seek": 2688, "start": 44.36, "end": 50.599999999999994, "text": " A Igreja Psicopal Carism\u00e1tica \u00e9 uma das igrejas que mais cresce hoje em dia.", "tokens": [51238, 316, 19271, 265, 2938, 33903, 14149, 304, 2741, 1434, 23432, 1136, 2772, 1482, 8508, 265, 19221, 631, 2420, 20964, 384, 13458, 846, 6801, 13, 51550], "temperature": 0.0, "avg_logprob": -0.1574388129688869, "compression_ratio": 1.696969696969697, "no_speech_prob": 0.019851505756378174}, {"id": 8, "seek": 5060, "start": 50.6, "end": 59.28, "text": " Os dados indicam que n\u00f3s temos hoje cerca de 2.500 par\u00f3quias em cerca de 20 pa\u00edses,", "tokens": [50364, 8875, 39915, 4694, 335, 631, 9738, 14247, 13458, 26770, 368, 568, 13, 7526, 971, 812, 358, 4609, 846, 26770, 368, 945, 23070, 11, 50798], "temperature": 0.0, "avg_logprob": -0.20815154627749793, "compression_ratio": 1.4502164502164503, "no_speech_prob": 0.5908209085464478}, {"id": 9, "seek": 5060, "start": 59.28, "end": 65.52, "text": " tendo come\u00e7ado em 1992 com apenas um bisco e tr\u00eas par\u00f3quias.", "tokens": [50798, 3928, 78, 14596, 1573, 846, 23952, 395, 18561, 1105, 7393, 1291, 308, 20779, 971, 812, 358, 4609, 13, 51110], "temperature": 0.0, "avg_logprob": -0.20815154627749793, "compression_ratio": 1.4502164502164503, "no_speech_prob": 0.5908209085464478}, {"id": 10, "seek": 5060, "start": 65.52, "end": 72.68, "text": " Temos experimentado, ent\u00e3o, esse grande crescimento no mover constante de Deus, seguimos o fluxo", "tokens": [51110, 314, 4485, 5120, 1573, 11, 9071, 11, 6755, 8883, 20964, 28317, 572, 39945, 47343, 368, 15057, 11, 8878, 8372, 277, 19298, 78, 51468], "temperature": 0.0, "avg_logprob": -0.20815154627749793, "compression_ratio": 1.4502164502164503, "no_speech_prob": 0.5908209085464478}, {"id": 11, "seek": 5060, "start": 72.68, "end": 77.64, "text": " do Esp\u00edrito Santo para ser um l\u00e1 acolhedor a todos aqueles que de n\u00f3s se aproximam.", "tokens": [51468, 360, 24978, 870, 17492, 49639, 1690, 816, 1105, 7453, 696, 401, 27096, 284, 257, 6321, 49831, 631, 368, 9738, 369, 31270, 335, 13, 51716], "temperature": 0.0, "avg_logprob": -0.20815154627749793, "compression_ratio": 1.4502164502164503, "no_speech_prob": 0.5908209085464478}], "language": "Portuguese"}